participant_id,n_trials_manual,quality_manual,naturalness_manual,attractiveness_manual,continuation_manual,word_count_manual,char_count_manual,emoji_count_manual,question_present_manual,open_question_present_manual,n_trials_ai_assisted,quality_ai_assisted,naturalness_ai_assisted,attractiveness_ai_assisted,continuation_ai_assisted,word_count_ai_assisted,char_count_ai_assisted,emoji_count_ai_assisted,question_present_ai_assisted,open_question_present_ai_assisted
P01,3,4.333333333333333,4.444444444444445,4.555555555555556,4.555555555555556,22.333333333333332,154.0,1.0,0.6666666666666666,0.3333333333333333,2,4.0,4.166666666666666,4.166666666666666,4.666666666666667,22.5,151.5,1.0,0.5,0.0
P02,3,2.8888888888888893,3.7777777777777772,3.222222222222222,3.4444444444444446,17.666666666666668,110.0,0.0,0.3333333333333333,0.3333333333333333,2,3.1666666666666665,3.8333333333333335,2.666666666666667,3.1666666666666665,14.5,104.0,0.0,0.5,0.5
P03,3,4.0,4.666666666666667,4.222222222222222,4.555555555555556,32.666666666666664,200.33333333333334,0.6666666666666666,0.3333333333333333,0.3333333333333333,2,3.6666666666666665,4.833333333333334,4.333333333333333,4.666666666666667,27.0,171.5,1.0,1.0,1.0
P04,3,4.333333333333333,4.111111111111112,3.5555555555555554,4.222222222222222,21.333333333333332,145.0,0.0,0.3333333333333333,0.3333333333333333,2,4.0,4.666666666666667,3.833333333333333,4.666666666666667,20.0,144.0,0.5,1.0,0.5
P05,3,4.333333333333333,4.333333333333333,4.111111111111111,4.4444444444444455,25.666666666666668,160.0,0.6666666666666666,0.3333333333333333,0.3333333333333333,2,3.5,4.333333333333334,3.0,3.166666666666667,19.5,124.5,0.5,0.5,0.5
P06,3,3.888888888888889,3.5555555555555554,3.444444444444444,4.111111111111112,29.333333333333332,181.0,0.3333333333333333,0.6666666666666666,0.3333333333333333,2,4.0,4.333333333333334,3.666666666666667,4.5,17.0,118.0,0.0,1.0,0.5
P07,3,4.0,3.7777777777777772,4.111111111111111,4.444444444444445,34.333333333333336,215.66666666666666,0.3333333333333333,0.6666666666666666,0.3333333333333333,2,4.0,4.0,4.0,4.0,27.0,162.0,0.5,1.0,0.5
P08,3,4.111111111111112,4.666666666666667,3.444444444444444,4.111111111111112,13.333333333333334,80.0,0.0,0.6666666666666666,0.6666666666666666,2,3.6666666666666665,4.666666666666667,3.333333333333333,4.0,12.0,72.5,0.0,1.0,0.0
P09,3,3.888888888888889,3.888888888888889,4.0,4.111111111111112,23.333333333333332,149.66666666666666,0.3333333333333333,0.6666666666666666,0.3333333333333333,2,3.833333333333333,4.166666666666666,3.666666666666667,4.0,20.5,133.0,0.0,1.0,0.0
P10,3,3.7777777777777772,3.5555555555555554,3.444444444444444,4.111111111111112,30.666666666666668,209.0,0.0,0.6666666666666666,0.6666666666666666,2,4.333333333333333,4.166666666666666,4.0,4.666666666666667,23.5,156.0,0.0,1.0,0.5
P11,2,4.333333333333333,4.666666666666667,4.5,4.833333333333334,26.0,164.0,0.5,1.0,1.0,3,4.222222222222221,4.222222222222222,3.888888888888889,4.111111111111112,26.333333333333332,171.33333333333334,0.3333333333333333,0.6666666666666666,0.3333333333333333
P12,2,4.166666666666666,4.0,4.0,4.666666666666667,24.0,166.0,0.5,1.0,1.0,3,4.333333333333333,4.222222222222222,3.888888888888889,4.222222222222222,22.333333333333332,150.66666666666666,0.0,0.6666666666666666,0.6666666666666666
P13,2,4.0,4.0,4.0,3.8333333333333335,22.5,159.5,1.5,1.0,0.0,3,3.8888888888888893,4.333333333333333,4.111111111111111,4.111111111111111,23.333333333333332,143.66666666666666,0.3333333333333333,0.6666666666666666,0.3333333333333333
P14,2,4.0,3.166666666666667,3.333333333333333,4.166666666666667,25.0,174.5,0.5,1.0,0.5,3,4.0,3.0,3.4444444444444446,4.0,23.333333333333332,147.66666666666666,0.0,0.6666666666666666,0.6666666666666666
P15,2,4.0,4.0,3.5,4.166666666666666,18.0,112.0,0.5,0.5,0.0,3,4.0,4.4444444444444455,3.6666666666666665,4.4444444444444455,19.0,114.66666666666667,0.6666666666666666,0.6666666666666666,0.3333333333333333
P16,2,3.333333333333333,3.833333333333333,3.666666666666667,4.166666666666667,20.0,118.0,0.5,1.0,0.0,3,3.888888888888889,4.4444444444444455,3.888888888888889,4.4444444444444455,20.333333333333332,121.0,0.3333333333333333,0.6666666666666666,0.3333333333333333
P17,2,3.5,4.166666666666667,3.6666666666666665,4.166666666666667,19.5,117.0,0.5,1.0,0.5,3,3.777777777777778,3.6666666666666665,3.6666666666666665,4.222222222222222,19.0,115.66666666666667,0.0,0.3333333333333333,0.3333333333333333
P18,2,3.666666666666667,4.0,3.5,4.166666666666667,19.0,110.5,0.5,0.5,0.0,3,3.888888888888889,3.888888888888889,3.1111111111111107,3.777777777777778,15.333333333333334,101.66666666666667,0.0,0.6666666666666666,0.6666666666666666
P19,2,3.333333333333333,4.0,3.333333333333333,3.333333333333333,15.5,87.5,0.0,0.0,0.0,3,3.5555555555555554,3.777777777777778,3.3333333333333335,3.888888888888889,16.666666666666668,109.0,0.0,0.6666666666666666,0.6666666666666666
P20,2,2.666666666666667,3.333333333333333,2.666666666666667,3.0,12.0,79.0,0.0,0.5,0.5,3,3.222222222222222,4.222222222222222,2.6666666666666665,3.3333333333333335,11.0,66.66666666666667,0.0,0.6666666666666666,0.3333333333333333
